,t3,t4,jsdiv,type
0,0.9,200,0.8745687532490258,S1
0,0.9,200,0.03128843999543969,01
0,0.9,200,0.6227644777111694,10
0,0.9,200,0.32175290643670806,02
