,t3,t4,jsdiv,type
0,0.6,200,0.8745687532490258,S1
0,0.6,200,0.02305771618941348,01
0,0.6,200,0.7902975981295741,10
0,0.6,200,0.2774236019926466,02
