,t3,t4,jsdiv,type
0,0.6,200,0.9377168015810184,S1
0,0.6,200,0.20234400073601608,01
0,0.6,200,0.9252745889227159,10
0,0.6,200,0.9108924947779307,02
