,t3,t4,jsdiv,type
0,0.9,200,0.9377168015810184,S1
0,0.9,200,0.2148043162269609,01
0,0.9,200,0.2336442083303945,10
0,0.9,200,0.1870632820018234,02
