,t3,t4,jsdiv,type
0,0.6,200,0.9688909808311458,S1 no Myopic
0,0.6,200,0.8977873203152149,S1 Myopic
0,0.6,200,0.009410382146208705,SOFAI w/ Myopic S1
0,0.6,200,0.004898254716469741,SOFAI w/ no Myopic S1
