,t3,t4,jsdiv,type
0,0.6,200,0.9377168015810184,S1
0,0.6,200,0.013885874157292973,01
0,0.6,200,0.43052998341206794,10
0,0.6,200,0.18147893414623967,02
