,t3,t4,jsdiv,type
0,0.4,0,0.9053051700026393,s1_nb
0,0.4,0,0.35233182107870975,01
0,0.4,0,0.4705081397514085,10
0,0.4,0,0.6343899105209659,02
0,0.4,0,0.897923683738673,s1_nb
0,0.4,0,0.03335151116445717,01
0,0.4,0,0.056796865809533914,10
0,0.4,0,0.03652309456293613,02
0,0.4,0,0.8162390615661831,s1_nb
0,0.4,0,0.2887852424145922,01
0,0.4,0,0.07069168392719785,10
0,0.4,0,0.038234298568186484,02
0,0.4,0,0.9424935990826666,s1_nb
0,0.4,0,0.37346877273596524,01
0,0.4,0,0.41082246518504895,10
0,0.4,0,0.05055647344205119,02
0,0.4,0,0.9844592917601649,s1_nb
0,0.4,0,0.24049247813049773,01
0,0.4,0,0.271685105274304,10
0,0.4,0,0.40802366882630525,02
0,0.4,0,0.9875334325445545,s1_nb
0,0.4,0,0.15603908233309524,01
0,0.4,0,0.25130663587571417,10
0,0.4,0,0.16630814502019187,02
0,0.4,0,0.7691591774080193,s1_nb
0,0.4,0,0.024507706490553484,01
0,0.4,0,0.03244081430517588,10
0,0.4,0,0.012821643280245362,02
0,0.4,0,0.8285294442573634,s1_nb
0,0.4,0,0.09055969839714093,01
0,0.4,0,0.10069091635671171,10
0,0.4,0,0.05672595809833128,02
0,0.4,0,0.9772362501173268,s1_nb
0,0.4,0,0.057244220339672344,01
0,0.4,0,0.8176340045483678,10
0,0.4,0,0.2974005026468498,02
0,0.4,0,0.8868635875988234,s1_nb
0,0.4,0,0.18274909105509934,01
0,0.4,0,0.4455967665666991,10
0,0.4,0,0.38314736774161773,02
