,t3,t4,jsdiv,type
0,0.4,0,0.9808196490331432,S1
0,0.4,0,0.3144719891956961,01
0,0.4,0,0.7680742046442504,10
0,0.4,0,0.7091011008977952,02
