,t3,t4,jsdiv,type
0,0.6,200,0.8745687532490258,S1
0,0.6,200,0.0883021480768916,01
0,0.6,200,0.6817248192579992,10
0,0.6,200,0.226837067160177,02
