,t3,t4,jsdiv,type
0,0.9,200,0.9377168015810184,S1
0,0.9,200,0.33652269914602945,01
0,0.9,200,0.7207234975829797,10
0,0.9,200,0.16027920565094667,02
