,t3,t4,jsdiv,type
0,0.9,200,0.8745687532490258,S1
0,0.9,200,0.018758055570126803,01
0,0.9,200,0.6922903397866714,10
0,0.9,200,0.27961836587613675,02
